"cid","name","chamber","avg04","avg12","growth","chgpct","category","Origin","Source"
"N00001143","Ackerman, Gary (D-NY)","H","1353009","371508","-981501","-72.5","50-100% Loss","Center for Responsive Politics","http://www.opensecrets.org/pfds/"
"N00003028","Aderholt, Robert B (R-Ala)","H","780510","2429008","1648498","211.2",">100% Gain","Center for Responsive Politics","http://www.opensecrets.org/pfds/"
"N00007653","Akaka, Daniel K (D-Hawaii)","S","574004","975503","401499","69.9","50-100% Gain","Center for Responsive Politics","http://www.opensecrets.org/pfds/"
"N00009677","Akin, Todd (R-Mo)","H","265013","603009","337996","127.5",">100% Gain","Center for Responsive Politics","http://www.opensecrets.org/pfds/"
"N00009888","Alexander, Lamar (R-Tenn)","S","28400433","2794024","-25606409","-90.2","50-100% Loss","Center for Responsive Politics","http://www.opensecrets.org/pfds/"
"N00000826","Andrews, Robert E (D-NJ)","H","313095","814004","500909","160.0",">100% Gain","Center for Responsive Politics","http://www.opensecrets.org/pfds/"
"N00007089","Baca, Joe (D-Calif)","H","24502","24502","0","0.0","0-50% Gain","Center for Responsive Politics","http://www.opensecrets.org/pfds/"
"N00008091","Bachus, Spencer (R-Ala)","H","1084011","631507","-452504","-41.7","0-50% Loss","Center for Responsive Politics","http://www.opensecrets.org/pfds/"
"N00004367","Baldwin, Tammy (D-Wis)","S","1160506","798502","-362004","-31.2","0-50% Loss","Center for Responsive Politics","http://www.opensecrets.org/pfds/"
"N00026080","Barrow, John (D-Ga)","H","5076520","3758502","-1318018","-26.0","0-50% Loss","Center for Responsive Politics","http://www.opensecrets.org/pfds/"
"N00002017","Bartlett, Roscoe G (R-Md)","H","3783003","5106008","1323005","35.0","0-50% Gain","Center for Responsive Politics","http://www.opensecrets.org/pfds/"
"N00005656","Barton, Joe (R-Texas)","H","39502","78501","38999","98.7","50-100% Gain","Center for Responsive Politics","http://www.opensecrets.org/pfds/"
"N00000423","Bass, Charles (R-NH)","H","2448511","7030017","4581506","187.1",">100% Gain","Center for Responsive Politics","http://www.opensecrets.org/pfds/"
"N00004643","Baucus, Max (D-Mont)","S","162008","519500","357492","220.7",">100% Gain","Center for Responsive Politics","http://www.opensecrets.org/pfds/"
"N00009774","Becerra, Xavier (D-Calif)","H","712015","1753030","1041015","146.2",">100% Gain","Center for Responsive Politics","http://www.opensecrets.org/pfds/"
"N00009818","Berkley, Shelley (D-Nev)","H","5752024","13864538","8112514","141.0",">100% Gain","Center for Responsive Politics","http://www.opensecrets.org/pfds/"
"N00008094","Berman, Howard L (D-Calif)","H","498024","2544978","2046954","411.0",">100% Gain","Center for Responsive Politics","http://www.opensecrets.org/pfds/"
"N00001669","Biden, Joseph R Jr","E","41505","-274487","-315992","-761.3",">100% Loss","Center for Responsive Politics","http://www.opensecrets.org/pfds/"
"N00004762","Biggert, Judy (R-Ill)","H","6231042","2883036","-3348006","-53.7","50-100% Loss","Center for Responsive Politics","http://www.opensecrets.org/pfds/"
"N00006518","Bingaman, Jeff (D-NM)","S","6937575","10842031","3904456","56.3","50-100% Gain","Center for Responsive Politics","http://www.opensecrets.org/pfds/"
"N00025292","Bishop, Rob (R-Utah)","H","-16499","40501","57000","345.5",">100% Gain","Center for Responsive Politics","http://www.opensecrets.org/pfds/"
"N00002674","Bishop, Sanford D Jr (D-Ga)","H","184005","56503","-127502","-69.3","50-100% Loss","Center for Responsive Politics","http://www.opensecrets.org/pfds/"
"N00025413","Bishop, Timothy H (D-NY)","H","735500","1342004","606504","82.5","50-100% Gain","Center for Responsive Politics","http://www.opensecrets.org/pfds/"
"N00003105","Blackburn, Marsha (R-Tenn)","H","379515","551512","171997","45.3","0-50% Gain","Center for Responsive Politics","http://www.opensecrets.org/pfds/"
"N00007727","Blumenauer, Earl (D-Ore)","H","3357511","6809015","3451504","102.8",">100% Gain","Center for Responsive Politics","http://www.opensecrets.org/pfds/"
"N00005195","Blunt, Roy (R-Mo)","S","223003","3460010","3237007","1451.6",">100% Gain","Center for Responsive Politics","http://www.opensecrets.org/pfds/"
"N00003675","Boehner, John (R-Ohio)","H","2717010","3924561","1207551","44.4","0-50% Gain","Center for Responsive Politics","http://www.opensecrets.org/pfds/"
"N00025330","Bonner, Jo (R-Ala)","H","3604513","6786510","3181997","88.3","50-100% Gain","Center for Responsive Politics","http://www.opensecrets.org/pfds/"
"N00007068","Bono Mack, Mary (R-Calif)","H","2966575","748017","-2218558","-74.8","50-100% Loss","Center for Responsive Politics","http://www.opensecrets.org/pfds/"
"N00013873","Boozman, John (R-Ark)","S","1073505","3564006","2490501","232.0",">100% Gain","Center for Responsive Politics","http://www.opensecrets.org/pfds/"
"N00024866","Bordallo, Madeleine Z (D-Guam)","H","1523003","5147503","3624500","238.0",">100% Gain","Center for Responsive Politics","http://www.opensecrets.org/pfds/"
"N00026481","Boren, Dan (D-Okla)","H","591502","2198017","1606515","271.6",">100% Gain","Center for Responsive Politics","http://www.opensecrets.org/pfds/"
"N00004208","Boswell, Leonard L (D-Iowa)","H","1225001","900001","-325000","-26.5","0-50% Loss","Center for Responsive Politics","http://www.opensecrets.org/pfds/"
"N00026595","Boustany, Charles W Jr (R-La)","H","383001","695268","312267","81.5","50-100% Gain","Center for Responsive Politics","http://www.opensecrets.org/pfds/"
"N00006692","Boxer, Barbara (D-Calif)","S","3338505","3331503","-7002","-0.2","0-50% Loss","Center for Responsive Politics","http://www.opensecrets.org/pfds/"
"N00005883","Brady, Kevin (R-Texas)","H","434512","453513","19001","4.4","0-50% Gain","Center for Responsive Politics","http://www.opensecrets.org/pfds/"
"N00001619","Brady, Robert A (D-Pa)","H","799005","1640503","841498","105.3",">100% Gain","Center for Responsive Politics","http://www.opensecrets.org/pfds/"
"N00002713","Brown, Corrine (D-Fla)","H","-43999","3501","47500","108.0",">100% Gain","Center for Responsive Politics","http://www.opensecrets.org/pfds/"
"N00003535","Brown, Sherrod (D-Ohio)","S","309507","639003","329496","106.5",">100% Gain","Center for Responsive Politics","http://www.opensecrets.org/pfds/"
"N00025219","Burgess, Michael (R-Texas)","H","2044526","1526538","-517988","-25.3","0-50% Loss","Center for Responsive Politics","http://www.opensecrets.org/pfds/"
"N00002221","Burr, Richard (R-NC)","S","506011","3157360","2651349","524.0",">100% Gain","Center for Responsive Politics","http://www.opensecrets.org/pfds/"
"N00000010","Burton, Dan (R-Ind)","H","3137511","1594509","-1543002","-49.2","0-50% Loss","Center for Responsive Politics","http://www.opensecrets.org/pfds/"
"N00027035","Butterfield, G K (D-NC)","H","1022693","1660010","637317","62.3","50-100% Gain","Center for Responsive Politics","http://www.opensecrets.org/pfds/"
"N00007099","Calvert, Ken (R-Calif)","H","1982503","4075003","2092500","105.5",">100% Gain","Center for Responsive Politics","http://www.opensecrets.org/pfds/"
"N00008086","Camp, Dave (R-Mich)","H","7594553","10494638","2900085","38.2","0-50% Gain","Center for Responsive Politics","http://www.opensecrets.org/pfds/"
"N00013131","Cantor, Eric (R-Va)","H","3561072","9345056","5783984","162.4",">100% Gain","Center for Responsive Politics","http://www.opensecrets.org/pfds/"
"N00007836","Cantwell, Maria (D-Wash)","S","5894003","3771505","-2122498","-36.0","0-50% Loss","Center for Responsive Politics","http://www.opensecrets.org/pfds/"
"N00009771","Capito, Shelley Moore (R-WVa)","H","2107036","1504531","-602505","-28.6","0-50% Loss","Center for Responsive Politics","http://www.opensecrets.org/pfds/"
"N00007232","Capps, Lois (D-Calif)","H","3290513","98006","-3192507","-97.0","50-100% Loss","Center for Responsive Politics","http://www.opensecrets.org/pfds/"
"N00000267","Capuano, Michael E (D-Mass)","H","1374015","1612018","238003","17.3","0-50% Gain","Center for Responsive Politics","http://www.opensecrets.org/pfds/"
"N00001955","Cardin, Ben (D-Md)","S","2532534","5276037","2743503","108.3",">100% Gain","Center for Responsive Politics","http://www.opensecrets.org/pfds/"
"N00024874","Cardoza, Dennis (D-Calif)","H","740001","1683509","943508","127.5",">100% Gain","Center for Responsive Politics","http://www.opensecrets.org/pfds/"
"N00005181","Carnahan, Russ (D-Mo)","H","418503","378501","-40002","-9.6","0-50% Loss","Center for Responsive Politics","http://www.opensecrets.org/pfds/"
"N00012508","Carper, Tom (D-Del)","S","3375027","4207570","832543","24.7","0-50% Gain","Center for Responsive Politics","http://www.opensecrets.org/pfds/"
"N00003758","Carson, Julia (D-Ind)","H","48501","-34998","-83499","-172.2",">100% Loss","Center for Responsive Politics","http://www.opensecrets.org/pfds/"
"N00025095","Carter, John (R-Texas)","H","2705499","375000","-2330499","-86.1","50-100% Loss","Center for Responsive Politics","http://www.opensecrets.org/pfds/"
"N00003689","Chabot, Steve (R-Ohio)","H","845014","676514","-168500","-19.9","0-50% Loss","Center for Responsive Politics","http://www.opensecrets.org/pfds/"
"N00002685","Chambliss, Saxby (R-Ga)","S","16001","243504","227503","1421.8",">100% Gain","Center for Responsive Politics","http://www.opensecrets.org/pfds/"
"N00026591","Chandler, Ben (D-Ky)","H","430503","811507","381004","88.5","50-100% Gain","Center for Responsive Politics","http://www.opensecrets.org/pfds/"
"N00000133","Christian-Christensen, Donna (D-VI)","H","205500","650500","445000","216.5",">100% Gain","Center for Responsive Politics","http://www.opensecrets.org/pfds/"
"N00012460","Clay, William L Jr (D-Mo)","H","48501","115003","66502","137.1",">100% Gain","Center for Responsive Politics","http://www.opensecrets.org/pfds/"
"N00026790","Cleaver, Emanuel (D-Mo)","H","813007","684005","-129002","-15.9","0-50% Loss","Center for Responsive Politics","http://www.opensecrets.org/pfds/"
"N00000019","Clinton, Hillary","E","30098002","15349503","-14748499","-49.0","0-50% Loss","Center for Responsive Politics","http://www.opensecrets.org/pfds/"
"N00002408","Clyburn, James E (D-SC)","H","165504","468511","303007","183.1",">100% Gain","Center for Responsive Politics","http://www.opensecrets.org/pfds/"
"N00002247","Coble, Howard (R-NC)","H","1181300","2687615","1506315","127.5",">100% Gain","Center for Responsive Politics","http://www.opensecrets.org/pfds/"
"N00005601","Coburn, Tom (R-Okla)","S","2309535","3665560","1356025","58.7","50-100% Gain","Center for Responsive Politics","http://www.opensecrets.org/pfds/"
"N00003328","Cochran, Thad (R-Miss)","S","1406026","2633535","1227509","87.3","50-100% Gain","Center for Responsive Politics","http://www.opensecrets.org/pfds/"
"N00025726","Cole, Tom (R-Okla)","H","2685056","4358035","1672979","62.3","50-100% Gain","Center for Responsive Politics","http://www.opensecrets.org/pfds/"
"N00000491","Collins, Susan M (R-Maine)","S","196503","2874078","2677575","1362.6",">100% Gain","Center for Responsive Politics","http://www.opensecrets.org/pfds/"
"N00026041","Conaway, Mike (R-Texas)","H","3928039","5455557","1527518","38.9","0-50% Gain","Center for Responsive Politics","http://www.opensecrets.org/pfds/"
"N00004613","Conrad, Kent (D-ND)","S","1695519","3340515","1644996","97.0","50-100% Gain","Center for Responsive Politics","http://www.opensecrets.org/pfds/"
"N00004029","Conyers, John Jr (D-Mich)","H","1501","-12500","-14001","-932.8",">100% Loss","Center for Responsive Politics","http://www.opensecrets.org/pfds/"
"N00003132","Cooper, Jim (D-Tenn)","H","3869020","10218293","6349273","164.1",">100% Gain","Center for Responsive Politics","http://www.opensecrets.org/pfds/"
"N00024852","Cornyn, John (R-Texas)","S","153505","698511","545006","355.0",">100% Gain","Center for Responsive Politics","http://www.opensecrets.org/pfds/"
"N00026341","Costa, Jim (D-Calif)","H","851003","3839003","2988000","351.1",">100% Gain","Center for Responsive Politics","http://www.opensecrets.org/pfds/"
"N00004956","Costello, Jerry F (D-Ill)","H","298505","1065002","766497","256.8",">100% Gain","Center for Responsive Politics","http://www.opensecrets.org/pfds/"
"N00006267","Crapo, Mike (R-Idaho)","S","868014","872009","3995","0.5","0-50% Gain","Center for Responsive Politics","http://www.opensecrets.org/pfds/"
"N00012739","Crenshaw, Ander (R-Fla)","H","4544511","2388506","-2156005","-47.4","0-50% Loss","Center for Responsive Politics","http://www.opensecrets.org/pfds/"
"N00001127","Crowley, Joseph (D-NY)","H","105003","292513","187510","178.6",">100% Gain","Center for Responsive Politics","http://www.opensecrets.org/pfds/"
"N00024978","Cuellar, Henry (D-Texas)","H","646005","855006","209001","32.4","0-50% Gain","Center for Responsive Politics","http://www.opensecrets.org/pfds/"
"N00009738","Culberson, John (R-Texas)","H","-45000","150501","195501","434.4",">100% Gain","Center for Responsive Politics","http://www.opensecrets.org/pfds/"
"N00001971","Cummings, Elijah E (D-Md)","H","175000","915004","740004","422.9",">100% Gain","Center for Responsive Politics","http://www.opensecrets.org/pfds/"
"N00004884","Davis, Danny K (D-Ill)","H","381504","253007","-128497","-33.7","0-50% Loss","Center for Responsive Politics","http://www.opensecrets.org/pfds/"
"N00009604","Davis, Susan A (D-Calif)","H","1936026","2024024","87998","4.5","0-50% Gain","Center for Responsive Politics","http://www.opensecrets.org/pfds/"
"N00007781","DeFazio, Peter (D-Ore)","H","877512","1128508","250996","28.6","0-50% Gain","Center for Responsive Politics","http://www.opensecrets.org/pfds/"
"N00006134","DeGette, Diana (D-Colo)","H","376010","1901012","1525002","405.6",">100% Gain","Center for Responsive Politics","http://www.opensecrets.org/pfds/"
"N00000615","DeLauro, Rosa L (D-Conn)","H","16555020","15834507","-720513","-4.4","0-50% Loss","Center for Responsive Politics","http://www.opensecrets.org/pfds/"
"N00002472","DeMint, James W (R-SC)","S","89002","215501","126499","142.1",">100% Gain","Center for Responsive Politics","http://www.opensecrets.org/pfds/"
"N00026171","Dent, Charles Wieder (R-Pa)","H","469516","458525","-10991","-2.3","0-50% Loss","Center for Responsive Politics","http://www.opensecrets.org/pfds/"
"N00025337","Diaz-Balart, Mario (R-Fla)","H","-65001","-24500","40501","62.3","50-100% Gain","Center for Responsive Politics","http://www.opensecrets.org/pfds/"
"N00007918","Dicks, Norm (D-Wash)","H","261504","606003","344499","131.7",">100% Gain","Center for Responsive Politics","http://www.opensecrets.org/pfds/"
"N00001783","Dingell, John D (D-Mich)","H","3687032","5239554","1552522","42.1","0-50% Gain","Center for Responsive Politics","http://www.opensecrets.org/pfds/"
"N00006023","Doggett, Lloyd (D-Texas)","H","12394552","21008542","8613990","69.5","50-100% Gain","Center for Responsive Politics","http://www.opensecrets.org/pfds/"
"N00001373","Doyle, Mike (D-Pa)","H","212501","475000","262499","123.5",">100% Gain","Center for Responsive Politics","http://www.opensecrets.org/pfds/"
"N00006932","Dreier, David (R-Calif)","H","18052516","7990513","-10062003","-55.7","50-100% Loss","Center for Responsive Politics","http://www.opensecrets.org/pfds/"
"N00003209","Duncan, John J Jr (R-Tenn)","H","626010","358009","-268001","-42.8","0-50% Loss","Center for Responsive Politics","http://www.opensecrets.org/pfds/"
"N00004981","Durbin, Dick (D-Ill)","S","1009945","1345245","335300","33.2","0-50% Gain","Center for Responsive Politics","http://www.opensecrets.org/pfds/"
"N00005090","Emerson, Jo Ann (R-Mo)","H","532005","625501","93496","17.6","0-50% Gain","Center for Responsive Politics","http://www.opensecrets.org/pfds/"
"N00001003","Engel, Eliot L (D-NY)","H","44002","56502","12500","28.4","0-50% Gain","Center for Responsive Politics","http://www.opensecrets.org/pfds/"
"N00006249","Enzi, Mike (R-Wyo)","S","518011","938028","420017","81.1","50-100% Gain","Center for Responsive Politics","http://www.opensecrets.org/pfds/"
"N00007335","Eshoo, Anna (D-Calif)","H","-385996","2073505","2459501","637.2",">100% Gain","Center for Responsive Politics","http://www.opensecrets.org/pfds/"
"N00007632","Faleomavaega, Eni F H (D-AS)","H","77007","510510","433503","562.9",">100% Gain","Center for Responsive Politics","http://www.opensecrets.org/pfds/"
"N00007312","Farr, Sam (D-Calif)","H","2242513","2469516","227003","10.1","0-50% Gain","Center for Responsive Politics","http://www.opensecrets.org/pfds/"
"N00001746","Fattah, Chaka (D-Pa)","H","347500","250001","-97499","-28.1","0-50% Loss","Center for Responsive Politics","http://www.opensecrets.org/pfds/"
"N00007364","Feinstein, Dianne (D-Calif)","S","61768616","68446578","6677962","10.8","0-50% Gain","Center for Responsive Politics","http://www.opensecrets.org/pfds/"
"N00007033","Filner, Bob (D-Calif)","H","814013","675008","-139005","-17.1","0-50% Loss","Center for Responsive Politics","http://www.opensecrets.org/pfds/"
"N00027229","Fitzpatrick, Michael G (R-Pa)","H","115501","436518","321017","277.9",">100% Gain","Center for Responsive Politics","http://www.opensecrets.org/pfds/"
"N00009573","Flake, Jeff (R-Ariz)","S","81502","83001","1499","1.8","0-50% Gain","Center for Responsive Politics","http://www.opensecrets.org/pfds/"
"N00013799","Forbes, J Randy (R-Va)","H","441901","2880504","2438603","551.8",">100% Gain","Center for Responsive Politics","http://www.opensecrets.org/pfds/"
"N00026631","Fortenberry, Jeffrey Lane (R-Neb)","H","424512","249502","-175010","-41.2","0-50% Loss","Center for Responsive Politics","http://www.opensecrets.org/pfds/"
"N00026166","Foxx, Virginia (R-NC)","H","3886521","5888015","2001494","51.5","50-100% Gain","Center for Responsive Politics","http://www.opensecrets.org/pfds/"
"N00000275","Frank, Barney (D-Mass)","H","726008","1090001","363993","50.1","50-100% Gain","Center for Responsive Politics","http://www.opensecrets.org/pfds/"
"N00006423","Franks, Trent (R-Ariz)","H","6207502","33185001","26977499","434.6",">100% Gain","Center for Responsive Politics","http://www.opensecrets.org/pfds/"
"N00000684","Frelinghuysen, Rodney (R-NJ)","H","49680590","45402595","-4277995","-8.6","0-50% Loss","Center for Responsive Politics","http://www.opensecrets.org/pfds/"
"N00007231","Gallegly, Elton (R-Calif)","H","1027006","1341008","314002","30.6","0-50% Gain","Center for Responsive Politics","http://www.opensecrets.org/pfds/"
"N00000743","Garrett, Scott (R-NJ)","H","97501","273005","175504","180.0",">100% Gain","Center for Responsive Politics","http://www.opensecrets.org/pfds/"
"N00025025","Gerlach, Jim (R-Pa)","H","73001","154003","81002","111.0",">100% Gain","Center for Responsive Politics","http://www.opensecrets.org/pfds/"
"N00024760","Gingrey, Phil (R-Ga)","H","5701021","5061515","-639506","-11.2","0-50% Loss","Center for Responsive Politics","http://www.opensecrets.org/pfds/"
"N00026148","Gohmert, Louis B Jr (R-Texas)","H","-110001","-162501","-52500","47.7","0-50% Gain","Center for Responsive Politics","http://www.opensecrets.org/pfds/"
"N00005960","Gonzalez, Charlie A (D-Texas)","H","-82000","609002","691002","842.7",">100% Gain","Center for Responsive Politics","http://www.opensecrets.org/pfds/"
"N00009154","Goodlatte, Bob (R-Va)","H","1480022","2303520","823498","55.6","50-100% Gain","Center for Responsive Politics","http://www.opensecrets.org/pfds/"
"N00009975","Graham, Lindsey (R-SC)","S","262510","697003","434493","165.5",">100% Gain","Center for Responsive Politics","http://www.opensecrets.org/pfds/"
"N00008799","Granger, Kay (R-Texas)","H","1353508","958005","-395503","-29.2","0-50% Loss","Center for Responsive Politics","http://www.opensecrets.org/pfds/"
"N00001758","Grassley, Chuck (R-Iowa)","S","3223025","3142538","-80487","-2.5","0-50% Loss","Center for Responsive Politics","http://www.opensecrets.org/pfds/"
"N00013323","Graves, Sam (R-Mo)","H","517437","3564004","3046567","588.8",">100% Gain","Center for Responsive Politics","http://www.opensecrets.org/pfds/"
"N00026686","Green, Al (D-Texas)","H","3882504","4507505","625001","16.1","0-50% Gain","Center for Responsive Politics","http://www.opensecrets.org/pfds/"
"N00005870","Green, Gene (D-Texas)","H","448503","522503","74000","16.5","0-50% Gain","Center for Responsive Politics","http://www.opensecrets.org/pfds/"
"N00025284","Grijalva, Raul M (D-Ariz)","H","178002","199506","21504","12.1","0-50% Gain","Center for Responsive Politics","http://www.opensecrets.org/pfds/"
"N00004874","Gutierrez, Luis V (D-Ill)","H","47503","2464049","2416546","5087.1",">100% Gain","Center for Responsive Politics","http://www.opensecrets.org/pfds/"
"N00005301","Hagel, Chuck","E","5006007","4482507","-523500","-10.5","0-50% Loss","Center for Responsive Politics","http://www.opensecrets.org/pfds/"
"N00005645","Hall, Ralph M (D-Texas)","H","2531004","2092502","-438502","-17.3","0-50% Loss","Center for Responsive Politics","http://www.opensecrets.org/pfds/"
"N00004207","Harkin, Tom (D-Iowa)","S","2647019","18039060","15392041","581.5",">100% Gain","Center for Responsive Politics","http://www.opensecrets.org/pfds/"
"N00002884","Hastings, Alcee L (D-Fla)","H","-5107003","-4732002","375001","7.3","0-50% Gain","Center for Responsive Politics","http://www.opensecrets.org/pfds/"
"N00009157","Hastings, Doc (R-Wash)","H","887006","1135506","248500","28.0","0-50% Gain","Center for Responsive Politics","http://www.opensecrets.org/pfds/"
"N00009869","Hatch, Orrin G (R-Utah)","S","2214531","2854035","639504","28.9","0-50% Gain","Center for Responsive Politics","http://www.opensecrets.org/pfds/"
"N00024922","Hensarling, Jeb (R-Texas)","H","2467512","1947016","-520496","-21.1","0-50% Loss","Center for Responsive Politics","http://www.opensecrets.org/pfds/"
"N00007584","Herger, Wally (R-Calif)","H","6175001","7565505","1390504","22.5","0-50% Gain","Center for Responsive Politics","http://www.opensecrets.org/pfds/"
"N00027060","Higgins, Brian M (D-NY)","H","-250001","32004","282005","112.8",">100% Gain","Center for Responsive Politics","http://www.opensecrets.org/pfds/"
"N00006008","Hinojosa, Ruben (D-Texas)","H","4052013","-2303473","-6355486","-156.8",">100% Loss","Center for Responsive Politics","http://www.opensecrets.org/pfds/"
"N00001469","Holden, Tim (D-Pa)","H","378007","506006","127999","33.9","0-50% Gain","Center for Responsive Politics","http://www.opensecrets.org/pfds/"
"N00000860","Holt, Rush (D-NJ)","H","1723007","2654009","931002","54.0","50-100% Gain","Center for Responsive Politics","http://www.opensecrets.org/pfds/"
"N00012611","Honda, Mike (D-Calif)","H","653007","964005","310998","47.6","0-50% Gain","Center for Responsive Politics","http://www.opensecrets.org/pfds/"
"N00001821","Hoyer, Steny H (D-Md)","H","607504","33501","-574003","-94.5","50-100% Loss","Center for Responsive Politics","http://www.opensecrets.org/pfds/"
"N00005675","Hutchison, Kay Bailey (R-Texas)","S","3985555","7214049","3228494","81.0","50-100% Gain","Center for Responsive Politics","http://www.opensecrets.org/pfds/"
"N00005582","Inhofe, James M (R-Okla)","S","3473526","7522523","4048997","116.6",">100% Gain","Center for Responsive Politics","http://www.opensecrets.org/pfds/"
"N00002593","Isakson, Johnny (R-Ga)","S","15542543","15043070","-499473","-3.2","0-50% Loss","Center for Responsive Politics","http://www.opensecrets.org/pfds/"
"N00013345","Israel, Steve (D-NY)","H","-104000","-55000","49000","47.1","0-50% Gain","Center for Responsive Politics","http://www.opensecrets.org/pfds/"
"N00007017","Issa, Darrell (R-Calif)","H","204439033","464115018","259675985","127.0",">100% Gain","Center for Responsive Politics","http://www.opensecrets.org/pfds/"
"N00005818","Jackson Lee, Sheila (D-Texas)","H","159005","943504","784499","493.4",">100% Gain","Center for Responsive Politics","http://www.opensecrets.org/pfds/"
"N00029444","Johanns, Michael O","S","2426788","4614517","2187729","90.1","50-100% Gain","Center for Responsive Politics","http://www.opensecrets.org/pfds/"
"N00008122","Johnson, Eddie Bernice (D-Texas)","H","65003","766001","700998","1078.4",">100% Gain","Center for Responsive Politics","http://www.opensecrets.org/pfds/"
"N00008028","Johnson, Sam (R-Texas)","H","33501","48501","15000","44.8","0-50% Gain","Center for Responsive Politics","http://www.opensecrets.org/pfds/"
"N00010084","Johnson, Tim (D-SD)","S","520018","1201522","681504","131.1",">100% Gain","Center for Responsive Politics","http://www.opensecrets.org/pfds/"
"N00012890","Johnson, Timothy V (R-Ill)","H","1688020","1538012","-150008","-8.9","0-50% Loss","Center for Responsive Politics","http://www.opensecrets.org/pfds/"
"N00002299","Jones, Walter B Jr (R-NC)","H","346505","313007","-33498","-9.7","0-50% Loss","Center for Responsive Politics","http://www.opensecrets.org/pfds/"
"N00003522","Kaptur, Marcy (D-Ohio)","H","430006","360508","-69498","-16.2","0-50% Loss","Center for Responsive Politics","http://www.opensecrets.org/pfds/"
"N00000245","Kerry, John (D-Mass)","E","274574824","236592306","-37982518","-13.8","0-50% Loss","Center for Responsive Politics","http://www.opensecrets.org/pfds/"
"N00004070","Kildee, Dale E (D-Mich)","H","239503","465502","225999","94.4","50-100% Gain","Center for Responsive Politics","http://www.opensecrets.org/pfds/"
"N00004403","Kind, Ron (D-Wis)","H","636509","404004","-232505","-36.5","0-50% Loss","Center for Responsive Politics","http://www.opensecrets.org/pfds/"
"N00001193","King, Pete (R-NY)","H","115501","325001","209500","181.4",">100% Gain","Center for Responsive Politics","http://www.opensecrets.org/pfds/"
"N00025237","King, Steven A (R-Iowa)","H","520505","353007","-167498","-32.2","0-50% Loss","Center for Responsive Politics","http://www.opensecrets.org/pfds/"
"N00002656","Kingston, Jack (R-Ga)","H","2604959","2433912","-171047","-6.6","0-50% Loss","Center for Responsive Politics","http://www.opensecrets.org/pfds/"
"N00012539","Kirk, Mark (R-Ill)","S","521003","383001","-138002","-26.5","0-50% Loss","Center for Responsive Politics","http://www.opensecrets.org/pfds/"
"N00004436","Kline, John (R-Minn)","H","436511","390002","-46509","-10.7","0-50% Loss","Center for Responsive Politics","http://www.opensecrets.org/pfds/"
"N00004309","Kohl, Herb (D-Wis)","S","255032014","329913009","74880995","29.4","0-50% Gain","Center for Responsive Politics","http://www.opensecrets.org/pfds/"
"N00003572","Kucinich, Dennis J (D-Ohio)","H","-15498","9502","25000","161.3",">100% Gain","Center for Responsive Politics","http://www.opensecrets.org/pfds/"
"N00006406","Kyl, Jon (R-Ariz)","S","634605","662527","27922","4.4","0-50% Gain","Center for Responsive Politics","http://www.opensecrets.org/pfds/"
"N00005395","Landrieu, Mary L (D-La)","S","2365525","1795007","-570518","-24.1","0-50% Loss","Center for Responsive Politics","http://www.opensecrets.org/pfds/"
"N00009724","Langevin, Jim (D-RI)","H","3079015","2026513","-1052502","-34.2","0-50% Loss","Center for Responsive Politics","http://www.opensecrets.org/pfds/"
"N00009759","Larsen, Rick (D-Wash)","H","146007","319008","173001","118.5",">100% Gain","Center for Responsive Politics","http://www.opensecrets.org/pfds/"
"N00000575","Larson, John B (D-Conn)","H","222504","181521","-40983","-18.4","0-50% Loss","Center for Responsive Politics","http://www.opensecrets.org/pfds/"
"N00004227","Latham, Tom (R-Iowa)","H","2688507","5739219","3050712","113.5",">100% Gain","Center for Responsive Politics","http://www.opensecrets.org/pfds/"
"N00003545","LaTourette, Steven C (R-Ohio)","H","-4499","240001","244500","5434.5",">100% Gain","Center for Responsive Politics","http://www.opensecrets.org/pfds/"
"N00009918","Leahy, Patrick (D-Vt)","S","105003","129503","24500","23.3","0-50% Gain","Center for Responsive Politics","http://www.opensecrets.org/pfds/"
"N00008046","Lee, Barbara (D-Calif)","H","412507","385007","-27500","-6.7","0-50% Loss","Center for Responsive Politics","http://www.opensecrets.org/pfds/"
"N00001691","Levin, Carl (D-Mich)","S","1638341","1679007","40666","2.5","0-50% Gain","Center for Responsive Politics","http://www.opensecrets.org/pfds/"
"N00003950","Levin, Sander (D-Mich)","H","1512506","2974591","1462085","96.7","50-100% Gain","Center for Responsive Politics","http://www.opensecrets.org/pfds/"
"N00007087","Lewis, Jerry (R-Calif)","H","995962","872504","-123458","-12.4","0-50% Loss","Center for Responsive Politics","http://www.opensecrets.org/pfds/"
"N00002577","Lewis, John (D-Ga)","H","77433","72004","-5429","-7.0","0-50% Loss","Center for Responsive Politics","http://www.opensecrets.org/pfds/"
"N00000616","Lieberman, Joe (I-Conn)","S","1099529","1967036","867507","78.9","50-100% Gain","Center for Responsive Politics","http://www.opensecrets.org/pfds/"
"N00027239","Lipinski, Daniel (D-Ill)","H","904521","2352526","1448005","160.1",">100% Gain","Center for Responsive Politics","http://www.opensecrets.org/pfds/"
"N00000851","LoBiondo, Frank A (R-NJ)","H","522004","525012","3008","0.6","0-50% Gain","Center for Responsive Politics","http://www.opensecrets.org/pfds/"
"N00007479","Lofgren, Zoe (D-Calif)","H","1721522","1710523","-10999","-0.6","0-50% Loss","Center for Responsive Politics","http://www.opensecrets.org/pfds/"
"N00001024","Lowey, Nita M (D-NY)","H","30342234","34290511","3948277","13.0","0-50% Gain","Center for Responsive Politics","http://www.opensecrets.org/pfds/"
"N00005559","Lucas, Frank D (R-Okla)","H","403004","1564504","1161500","288.2",">100% Gain","Center for Responsive Politics","http://www.opensecrets.org/pfds/"
"N00001764","Lugar, Richard G (R-Ind)","S","795509","472506","-323003","-40.6","0-50% Loss","Center for Responsive Politics","http://www.opensecrets.org/pfds/"
"N00011971","Lungren, Dan (R-Calif)","H","785007","135502","-649505","-82.7","50-100% Loss","Center for Responsive Politics","http://www.opensecrets.org/pfds/"
"N00013855","Lynch, Stephen F (D-Mass)","H","708003","673008","-34995","-4.9","0-50% Loss","Center for Responsive Politics","http://www.opensecrets.org/pfds/"
"N00026425","Mack, Connie (R-Fla)","H","-242000","373016","615016","254.1",">100% Gain","Center for Responsive Politics","http://www.opensecrets.org/pfds/"
"N00000078","Maloney, Carolyn B (D-NY)","H","20417535","28346508","7928973","38.8","0-50% Gain","Center for Responsive Politics","http://www.opensecrets.org/pfds/"
"N00004905","Manzullo, Don (R-Ill)","H","985741","777521","-208220","-21.1","0-50% Loss","Center for Responsive Politics","http://www.opensecrets.org/pfds/"
"N00026710","Marchant, Kenny (R-Texas)","H","26846028","18945325","-7900703","-29.4","0-50% Loss","Center for Responsive Politics","http://www.opensecrets.org/pfds/"
"N00000270","Markey, Edward J (D-Mass)","H","902009","1552012","650003","72.1","50-100% Gain","Center for Responsive Politics","http://www.opensecrets.org/pfds/"
"N00009753","Matheson, Jim (D-Utah)","H","564013","1798013","1234000","218.8",">100% Gain","Center for Responsive Politics","http://www.opensecrets.org/pfds/"
"N00027459","Matsui, Doris (D-Calif)","H","923506","1444009","520503","56.4","50-100% Gain","Center for Responsive Politics","http://www.opensecrets.org/pfds/"
"N00006424","McCain, John (R-Ariz)","S","23998052","7428052","-16570000","-69.0","50-100% Loss","Center for Responsive Politics","http://www.opensecrets.org/pfds/"
"N00001148","McCarthy, Carolyn (D-NY)","H","1648193","4316549","2668356","161.9",">100% Gain","Center for Responsive Politics","http://www.opensecrets.org/pfds/"
"N00026460","McCaul, Michael (R-Texas)","H","34176566","143153910","108977344","318.9",">100% Gain","Center for Responsive Politics","http://www.opensecrets.org/pfds/"
"N00012942","McCollum, Betty (D-Minn)","H","53589","112505","58916","109.9",">100% Gain","Center for Responsive Politics","http://www.opensecrets.org/pfds/"
"N00003389","McConnell, Mitch (R-Ky)","S","3072514","22841026","19768512","643.4",">100% Gain","Center for Responsive Politics","http://www.opensecrets.org/pfds/"
"N00009829","McDermott, Jim (D-Wash)","H","764292","461026","-303266","-39.7","0-50% Loss","Center for Responsive Politics","http://www.opensecrets.org/pfds/"
"N00000179","McGovern, James P (D-Mass)","H","474002","3206005","2732003","576.4",">100% Gain","Center for Responsive Politics","http://www.opensecrets.org/pfds/"
"N00026627","McHenry, Patrick (R-NC)","H","472003","510006","38003","8.1","0-50% Gain","Center for Responsive Politics","http://www.opensecrets.org/pfds/"
"N00002356","McIntyre, Mike (D-NC)","H","72503","106503","34000","46.9","0-50% Gain","Center for Responsive Politics","http://www.opensecrets.org/pfds/"
"N00006882","McKeon, Howard P (Buck) (R-Calif)","H","223516","111502","-112014","-50.1","50-100% Loss","Center for Responsive Politics","http://www.opensecrets.org/pfds/"
"N00026314","McMorris Rodgers, Cathy (R-Wash)","H","106504","1318508","1212004","1138.0",">100% Gain","Center for Responsive Politics","http://www.opensecrets.org/pfds/"
"N00001171","Meeks, Gregory W (D-NY)","H","65501","0","-65501","-100.0","50-100% Loss","Center for Responsive Politics","http://www.opensecrets.org/pfds/"
"N00000699","Menendez, Robert (D-NJ)","S","633514","490502","-143012","-22.6","0-50% Loss","Center for Responsive Politics","http://www.opensecrets.org/pfds/"
"N00002793","Mica, John L (R-Fla)","H","3983505","6433505","2450000","61.5","50-100% Gain","Center for Responsive Politics","http://www.opensecrets.org/pfds/"
"N00024770","Michaud, Mike (D-Maine)","H","327006","507510","180504","55.2","50-100% Gain","Center for Responsive Politics","http://www.opensecrets.org/pfds/"
"N00001945","Mikulski, Barbara A (D-Md)","S","419009","454508","35499","8.5","0-50% Gain","Center for Responsive Politics","http://www.opensecrets.org/pfds/"
"N00025093","Miller, Brad (D-NC)","H","-462997","328519","791516","171.0",">100% Gain","Center for Responsive Politics","http://www.opensecrets.org/pfds/"
"N00009795","Miller, Candice S (R-Mich)","H","718509","1369657","651148","90.6","50-100% Gain","Center for Responsive Politics","http://www.opensecrets.org/pfds/"
"N00006954","Miller, Gary (R-Calif)","H","45589037","46542523","953486","2.1","0-50% Gain","Center for Responsive Politics","http://www.opensecrets.org/pfds/"
"N00007390","Miller, George (D-Calif)","H","537505","651504","113999","21.2","0-50% Gain","Center for Responsive Politics","http://www.opensecrets.org/pfds/"
"N00013846","Miller, Jeff (R-Fla)","H","1247516","1091003","-156513","-12.5","0-50% Loss","Center for Responsive Politics","http://www.opensecrets.org/pfds/"
"N00026914","Moore, Gwen (D-Wis)","H","48503","0","-48503","-100.0","50-100% Loss","Center for Responsive Politics","http://www.opensecrets.org/pfds/"
"N00005282","Moran, Jerry (R-Kan)","S","549010","826009","276999","50.5","50-100% Gain","Center for Responsive Politics","http://www.opensecrets.org/pfds/"
"N00002083","Moran, Jim (D-Va)","H","8079160","8000","-8071160","-99.9","50-100% Loss","Center for Responsive Politics","http://www.opensecrets.org/pfds/"
"N00026050","Murkowski, Lisa (I-Alaska)","S","516515","762520","246005","47.6","0-50% Gain","Center for Responsive Politics","http://www.opensecrets.org/pfds/"
"N00024992","Murphy, Tim (R-Pa)","H","867025","712524","-154501","-17.8","0-50% Loss","Center for Responsive Politics","http://www.opensecrets.org/pfds/"
"N00007876","Murray, Patty (D-Wash)","S","658509","850008","191499","29.1","0-50% Gain","Center for Responsive Politics","http://www.opensecrets.org/pfds/"
"N00002327","Myrick, Sue (R-NC)","H","107501","222504","115003","107.0",">100% Gain","Center for Responsive Politics","http://www.opensecrets.org/pfds/"
"N00000939","Nadler, Jerrold (D-NY)","H","113504","-16499","-130003","-114.5",">100% Loss","Center for Responsive Politics","http://www.opensecrets.org/pfds/"
"N00006789","Napolitano, Grace (D-Calif)","H","406503","256502","-150001","-36.9","0-50% Loss","Center for Responsive Politics","http://www.opensecrets.org/pfds/"
"N00000153","Neal, Richard E (D-Mass)","H","74002","166505","92503","125.0",">100% Gain","Center for Responsive Politics","http://www.opensecrets.org/pfds/"
"N00005329","Nelson, Ben (D-Neb)","S","12895523","15043552","2148029","16.7","0-50% Gain","Center for Responsive Politics","http://www.opensecrets.org/pfds/"
"N00009926","Nelson, Bill (D-Fla)","S","4414507","3757502","-657005","-14.9","0-50% Loss","Center for Responsive Politics","http://www.opensecrets.org/pfds/"
"N00026043","Neugebauer, Randy (R-Texas)","H","6964024","10235038","3271014","47.0","0-50% Gain","Center for Responsive Politics","http://www.opensecrets.org/pfds/"
"N00001692","Norton, Eleanor Holmes (D-DC)","H","1448011","1886521","438510","30.3","0-50% Gain","Center for Responsive Politics","http://www.opensecrets.org/pfds/"
"N00007248","Nunes, Devin Gerald (R-Calif)","H","100000","183001","83001","83.0","50-100% Gain","Center for Responsive Politics","http://www.opensecrets.org/pfds/"
"N00009638","Obama, Barack","E","300002","4366506","4066504","1355.5",">100% Gain","Center for Responsive Politics","http://www.opensecrets.org/pfds/"
"N00000143","Olver, John W (D-Mass)","H","688006","3484514","2796508","406.5",">100% Gain","Center for Responsive Politics","http://www.opensecrets.org/pfds/"
"N00000781","Pallone, Frank Jr (D-NJ)","H","454518","4417083","3962565","871.8",">100% Gain","Center for Responsive Politics","http://www.opensecrets.org/pfds/"
"N00000751","Pascrell, Bill Jr (D-NJ)","H","2099019","2991019","892000","42.5","0-50% Gain","Center for Responsive Politics","http://www.opensecrets.org/pfds/"
"N00006397","Pastor, Ed (D-Ariz)","H","520005","1404006","884001","170.0",">100% Gain","Center for Responsive Politics","http://www.opensecrets.org/pfds/"
"N00005906","Paul, Ron (R-Texas)","H","2305019","5734518","3429499","148.8",">100% Gain","Center for Responsive Politics","http://www.opensecrets.org/pfds/"
"N00012672","Pearce, Steve (R-NM)","H","16940505","22614007","5673502","33.5","0-50% Gain","Center for Responsive Politics","http://www.opensecrets.org/pfds/"
"N00007360","Pelosi, Nancy (D-Calif)","H","41209054","87997030","46787976","113.5",">100% Gain","Center for Responsive Politics","http://www.opensecrets.org/pfds/"
"N00003765","Pence, Mike (R-Ind)","H","13002","211510","198508","1526.7",">100% Gain","Center for Responsive Politics","http://www.opensecrets.org/pfds/"
"N00004558","Peterson, Collin C (D-Minn)","H","182501","1602008","1419507","777.8",">100% Gain","Center for Responsive Politics","http://www.opensecrets.org/pfds/"
"N00004426","Petri, Tom (R-Wis)","H","21233515","25638511","4404996","20.7","0-50% Gain","Center for Responsive Politics","http://www.opensecrets.org/pfds/"
"N00001633","Pitts, Joe (R-Pa)","H","490502","896004","405502","82.7","50-100% Gain","Center for Responsive Politics","http://www.opensecrets.org/pfds/"
"N00009719","Platts, Todd (R-Pa)","H","56003","107508","51505","92.0","50-100% Gain","Center for Responsive Politics","http://www.opensecrets.org/pfds/"
"N00026457","Poe, Ted (R-Texas)","H","26502","446006","419504","1582.9",">100% Gain","Center for Responsive Politics","http://www.opensecrets.org/pfds/"
"N00003682","Portman, Rob","S","10717040","13924561","3207521","29.9","0-50% Gain","Center for Responsive Politics","http://www.opensecrets.org/pfds/"
"N00002260","Price, David (D-NC)","H","1990534","3030039","1039505","52.2","50-100% Gain","Center for Responsive Politics","http://www.opensecrets.org/pfds/"
"N00026160","Price, Tom (R-Ga)","H","11416711","8266243","-3150468","-27.6","0-50% Loss","Center for Responsive Politics","http://www.opensecrets.org/pfds/"
"N00013823","Pryor, Mark (D-Ark)","S","291003","8500","-282503","-97.1","50-100% Loss","Center for Responsive Politics","http://www.opensecrets.org/pfds/"
"N00002198","Rahall, Nick (D-WVa)","H","4292581","2776087","-1516494","-35.3","0-50% Loss","Center for Responsive Politics","http://www.opensecrets.org/pfds/"
"N00000964","Rangel, Charles B (D-NY)","H","1013005","1811507","798502","78.8","50-100% Gain","Center for Responsive Politics","http://www.opensecrets.org/pfds/"
"N00000362","Reed, Jack (D-RI)","S","575511","608523","33012","5.7","0-50% Gain","Center for Responsive Politics","http://www.opensecrets.org/pfds/"
"N00004645","Rehberg, Denny (R-Mont)","H","30807506","5564505","-25243001","-81.9","50-100% Loss","Center for Responsive Politics","http://www.opensecrets.org/pfds/"
"N00026885","Reichert, Dave (R-Wash)","H","353504","380003","26499","7.5","0-50% Gain","Center for Responsive Politics","http://www.opensecrets.org/pfds/"
"N00009922","Reid, Harry (D-Nev)","S","3770044","4372030","601986","16.0","0-50% Gain","Center for Responsive Politics","http://www.opensecrets.org/pfds/"
"N00005285","Roberts, Pat (R-Kan)","S","1807534","1695514","-112020","-6.2","0-50% Loss","Center for Responsive Politics","http://www.opensecrets.org/pfds/"
"N00001685","Rockefeller, Jay (D-WVa)","S","101689012","101290514","-398498","-0.4","0-50% Loss","Center for Responsive Politics","http://www.opensecrets.org/pfds/"
"N00003473","Rogers, Hal (R-Ky)","H","4029257","3762739","-266518","-6.6","0-50% Loss","Center for Responsive Politics","http://www.opensecrets.org/pfds/"
"N00009668","Rogers, Mike (R-Mich)","H","464003","351007","-112996","-24.4","0-50% Loss","Center for Responsive Politics","http://www.opensecrets.org/pfds/"
"N00024759","Rogers, Mike D (R-Ala)","H","2507024","2518011","10987","0.4","0-50% Gain","Center for Responsive Politics","http://www.opensecrets.org/pfds/"
"N00007151","Rohrabacher, Dana (R-Calif)","H","42222","150500","108278","256.4",">100% Gain","Center for Responsive Politics","http://www.opensecrets.org/pfds/"
"N00002858","Ros-Lehtinen, Ileana (R-Fla)","H","197006","466502","269496","136.8",">100% Gain","Center for Responsive Politics","http://www.opensecrets.org/pfds/"
"N00009571","Ross, Mike (D-Ark)","H","1122506","-89999","-1212505","-108.0",">100% Loss","Center for Responsive Politics","http://www.opensecrets.org/pfds/"
"N00008619","Rothman, Steven R (D-NJ)","H","4250047","2946019","-1304028","-30.7","0-50% Loss","Center for Responsive Politics","http://www.opensecrets.org/pfds/"
"N00006671","Roybal-Allard, Lucille (D-Calif)","H","489505","343005","-146500","-29.9","0-50% Loss","Center for Responsive Politics","http://www.opensecrets.org/pfds/"
"N00008264","Royce, Ed (R-Calif)","H","121004","390509","269505","222.7",">100% Gain","Center for Responsive Politics","http://www.opensecrets.org/pfds/"
"N00025482","Ruppersberger, Dutch (D-Md)","H","1739012","1782010","42998","2.5","0-50% Gain","Center for Responsive Politics","http://www.opensecrets.org/pfds/"
"N00004357","Ryan, Paul (R-Wisc)","H","1604545","5405548","3801003","236.9",">100% Gain","Center for Responsive Politics","http://www.opensecrets.org/pfds/"
"N00025280","Ryan, Tim (D-Ohio)","H","64502","16501","-48001","-74.4","50-100% Loss","Center for Responsive Politics","http://www.opensecrets.org/pfds/"
"N00024870","Sanchez, Linda (D-Calif)","H","-32500","233009","265509","817.0",">100% Gain","Center for Responsive Politics","http://www.opensecrets.org/pfds/"
"N00008274","Sanchez, Loretta (D-Calif)","H","196505","2991501","2794996","1422.4",">100% Gain","Center for Responsive Politics","http://www.opensecrets.org/pfds/"
"N00000528","Sanders, Bernie (I-Vt)","S","115501","460506","345005","298.7",">100% Gain","Center for Responsive Politics","http://www.opensecrets.org/pfds/"
"N00004724","Schakowsky, Jan (D-Ill)","H","71008","236012","165004","232.4",">100% Gain","Center for Responsive Politics","http://www.opensecrets.org/pfds/"
"N00009585","Schiff, Adam (D-Calif)","H","990513","1119013","128500","13.0","0-50% Gain","Center for Responsive Politics","http://www.opensecrets.org/pfds/"
"N00026106","Schultz, Debbie Wasserman (D-Fla)","H","194004","21005","-172999","-89.2","50-100% Loss","Center for Responsive Politics","http://www.opensecrets.org/pfds/"
"N00001093","Schumer, Charles E (D-NY)","S","475011","702008","226997","47.8","0-50% Gain","Center for Responsive Politics","http://www.opensecrets.org/pfds/"
"N00001579","Schwartz, Allyson (D-Pa)","H","2197516","3044525","847009","38.5","0-50% Gain","Center for Responsive Politics","http://www.opensecrets.org/pfds/"
"N00024871","Scott, David (D-Ga)","H","107262","758001","650739","606.7",">100% Gain","Center for Responsive Politics","http://www.opensecrets.org/pfds/"
"N00002147","Scott, Robert C (D-Va)","H","515536","-129973","-645509","-125.2",">100% Loss","Center for Responsive Politics","http://www.opensecrets.org/pfds/"
"N00004291","Sensenbrenner, F James Jr (R-Wis)","H","27493129","18558166","-8934963","-32.5","0-50% Loss","Center for Responsive Politics","http://www.opensecrets.org/pfds/"
"N00001813","Serrano, Jose E (D-NY)","H","96504","32500","-64004","-66.3","50-100% Loss","Center for Responsive Politics","http://www.opensecrets.org/pfds/"
"N00003062","Sessions, Jeff (R-Ala)","S","2049035","7080031","5030996","245.5",">100% Gain","Center for Responsive Politics","http://www.opensecrets.org/pfds/"
"N00005681","Sessions, Pete (R-Texas)","H","894526","1648529","754003","84.3","50-100% Gain","Center for Responsive Politics","http://www.opensecrets.org/pfds/"
"N00009920","Shelby, Richard C (R-Ala)","S","22472010","6396023","-16075987","-71.5","50-100% Loss","Center for Responsive Politics","http://www.opensecrets.org/pfds/"
"N00006897","Sherman, Brad (D-Calif)","H","2115506","1731007","-384499","-18.2","0-50% Loss","Center for Responsive Politics","http://www.opensecrets.org/pfds/"
"N00004961","Shimkus, John M (R-Ill)","H","612004","733504","121500","19.9","0-50% Gain","Center for Responsive Politics","http://www.opensecrets.org/pfds/"
"N00013770","Shuster, Bill (R-Pa)","H","3371703","1136513","-2235190","-66.3","50-100% Loss","Center for Responsive Politics","http://www.opensecrets.org/pfds/"
"N00006263","Simpson, Mike (R-Idaho)","H","1169190","2571288","1402098","119.9",">100% Gain","Center for Responsive Politics","http://www.opensecrets.org/pfds/"
"N00001311","Slaughter, Louise M (D-NY)","H","1912008","2779510","867502","45.4","0-50% Gain","Center for Responsive Politics","http://www.opensecrets.org/pfds/"
"N00007833","Smith, Adam (D-Wash)","H","251507","354505","102998","41.0","0-50% Gain","Center for Responsive Politics","http://www.opensecrets.org/pfds/"
"N00009816","Smith, Chris (R-NJ)","H","288503","64273","-224230","-77.7","50-100% Loss","Center for Responsive Politics","http://www.opensecrets.org/pfds/"
"N00001811","Smith, Lamar (R-Texas)","H","4113319","4450054","336735","8.2","0-50% Gain","Center for Responsive Politics","http://www.opensecrets.org/pfds/"
"N00000480","Snowe, Olympia J (R-Maine)","S","19699533","14598028","-5101505","-25.9","0-50% Loss","Center for Responsive Politics","http://www.opensecrets.org/pfds/"
"N00009586","Solis, Hilda L","E","223002","310502","87500","39.2","0-50% Gain","Center for Responsive Politics","http://www.opensecrets.org/pfds/"
"N00004118","Stabenow, Debbie (D-Mich)","S","215501","32500","-183001","-84.9","50-100% Loss","Center for Responsive Politics","http://www.opensecrets.org/pfds/"
"N00007397","Stark, Pete (D-Calif)","H","-9499988","3605010","13104998","137.9",">100% Gain","Center for Responsive Politics","http://www.opensecrets.org/pfds/"
"N00002782","Stearns, Cliff (R-Fla)","H","2794525","5493012","2698487","96.6","50-100% Gain","Center for Responsive Politics","http://www.opensecrets.org/pfds/"
"N00013847","Sullivan, John (R-Okla)","H","65001","32500","-32501","-50.0","0-50% Loss","Center for Responsive Politics","http://www.opensecrets.org/pfds/"
"N00005321","Terry, Lee (R-Neb)","H","181508","168507","-13001","-7.2","0-50% Loss","Center for Responsive Politics","http://www.opensecrets.org/pfds/"
"N00003288","Thompson, Bennie G (D-Miss)","H","959510","647014","-312496","-32.6","0-50% Loss","Center for Responsive Politics","http://www.opensecrets.org/pfds/"
"N00007419","Thompson, Mike (D-Calif)","H","1783012","2238005","454993","25.5","0-50% Gain","Center for Responsive Politics","http://www.opensecrets.org/pfds/"
"N00006052","Thornberry, Mac (R-Texas)","H","83500","447503","364003","435.9",">100% Gain","Center for Responsive Politics","http://www.opensecrets.org/pfds/"
"N00004572","Thune, John (R-SD)","S","514511","384509","-130002","-25.3","0-50% Loss","Center for Responsive Politics","http://www.opensecrets.org/pfds/"
"N00009699","Tiberi, Patrick J (R-Ohio)","H","743507","1014515","271008","36.4","0-50% Gain","Center for Responsive Politics","http://www.opensecrets.org/pfds/"
"N00000226","Tierney, John F (D-Mass)","H","825509","1362504","536995","65.1","50-100% Gain","Center for Responsive Politics","http://www.opensecrets.org/pfds/"
"N00001489","Toomey, Pat (R-Pa)","S","2016019","2977025","961006","47.7","0-50% Gain","Center for Responsive Politics","http://www.opensecrets.org/pfds/"
"N00001082","Towns, Edolphus (D-NY)","H","-269497","1140507","1410004","523.2",">100% Gain","Center for Responsive Politics","http://www.opensecrets.org/pfds/"
"N00025175","Turner, Michael R (R-Ohio)","H","969530","139503","-830027","-85.6","50-100% Loss","Center for Responsive Politics","http://www.opensecrets.org/pfds/"
"N00008051","Udall, Mark (D-Colo)","S","1548541","1784528","235987","15.2","0-50% Gain","Center for Responsive Politics","http://www.opensecrets.org/pfds/"
"N00006561","Udall, Tom (D-NM)","S","2699405","2881022","181617","6.7","0-50% Gain","Center for Responsive Politics","http://www.opensecrets.org/pfds/"
"N00004133","Upton, Fred (R-Mich)","H","9972037","18330586","8358549","83.8","50-100% Gain","Center for Responsive Politics","http://www.opensecrets.org/pfds/"
"N00013820","Van Hollen, Chris (D-Md)","H","664506","114003","-550503","-82.8","50-100% Loss","Center for Responsive Politics","http://www.opensecrets.org/pfds/"
"N00001102","Velazquez, Nydia M (D-NY)","H","1805499","-510000","-2315499","-128.2",">100% Loss","Center for Responsive Politics","http://www.opensecrets.org/pfds/"
"N00003813","Visclosky, Pete (D-Ind)","H","390509","1348011","957502","245.2",">100% Gain","Center for Responsive Politics","http://www.opensecrets.org/pfds/"
"N00009659","Vitter, David (R-La)","S","1241535","1633027","391492","31.5","0-50% Gain","Center for Responsive Politics","http://www.opensecrets.org/pfds/"
"N00007690","Walden, Greg (R-Ore)","H","3933507","2781015","-1152492","-29.3","0-50% Loss","Center for Responsive Politics","http://www.opensecrets.org/pfds/"
"N00006690","Waters, Maxine (D-Calif)","H","2196012","964007","-1232005","-56.1","50-100% Loss","Center for Responsive Politics","http://www.opensecrets.org/pfds/"
"N00002328","Watt, Melvin L (D-NC)","H","938023","929020","-9003","-1.0","0-50% Loss","Center for Responsive Politics","http://www.opensecrets.org/pfds/"
"N00001861","Waxman, Henry A (D-Calif)","H","945013","1199010","253997","26.9","0-50% Gain","Center for Responsive Politics","http://www.opensecrets.org/pfds/"
"N00026163","Westmoreland, Lynn A (R-Ga)","H","7133502","291001","-6842501","-95.9","50-100% Loss","Center for Responsive Politics","http://www.opensecrets.org/pfds/"
"N00003467","Whitfield, Ed (R-Ky)","H","2761024","3418026","657002","23.8","0-50% Gain","Center for Responsive Politics","http://www.opensecrets.org/pfds/"
"N00003280","Wicker, Roger (R-Miss)","S","282005","660508","378503","134.2",">100% Gain","Center for Responsive Politics","http://www.opensecrets.org/pfds/"
"N00024809","Wilson, Joe (R-SC)","H","-348500","428000","776500","222.8",">100% Gain","Center for Responsive Politics","http://www.opensecrets.org/pfds/"
"N00002073","Wolf, Frank R (R-Va)","H","476624","491454","14830","3.1","0-50% Gain","Center for Responsive Politics","http://www.opensecrets.org/pfds/"
"N00007458","Woolsey, Lynn (D-Calif)","H","210507","381505","170998","81.2","50-100% Gain","Center for Responsive Politics","http://www.opensecrets.org/pfds/"
"N00007724","Wyden, Ron (D-Ore)","S","1472005","7294025","5822020","395.5",">100% Gain","Center for Responsive Politics","http://www.opensecrets.org/pfds/"
"N00001817","Young, C W Bill (R-Fla)","H","40501","415501","375000","925.9",">100% Gain","Center for Responsive Politics","http://www.opensecrets.org/pfds/"
"N00007999","Young, Don (R-Alaska)","H","223503","872504","649001","290.4",">100% Gain","Center for Responsive Politics","http://www.opensecrets.org/pfds/"
